id-clube,nome-clube,id-liga,nome-liga
34738,JacksonClub,111,Suprema EU
57224,CARTEL POKER CLUB,128,Suprema Union
40180,VEV POKER,148,Suprema V
377039,FichasNet,106,Suprema
468593,A-GAME POKER CLUB,106,Suprema
661200,ROMA  POKER !,106,Suprema
30863,FichasNet - Online,128,Suprema Union
1875222,H10-1,106,Suprema
564800,Cuiabá Poker Stage,106,Suprema
1038217,FichasNet Gold,107,Liga Principal
598187,FichasNet 10,106,Suprema
42803,Monalisa PKR ⚔️,150,Suprema Bolivia
54190,Ace & Mosaic Online,214,CERRADO POKER LEAGUE
25300,PIONEROS COL,147,Suprema Colombia
367577,Brasil Games Online,128,Suprema Union
278673,Piratas Poker 1,106,Suprema
55094,HomeGamers - Liga,171,Liga Royal
772824,Super Império,107,Liga Principal
55037,SX | CGP,128,Suprema Union
369723,The Union 1,106,Suprema
581358,PD POKER,106,Suprema
43016,Liga_Royal,171,Liga Royal
1116158,The God Poker,128,Suprema Union
57152,ONYX,111,Suprema EU
26174,SOLO PKR 🇦🇷,137,Suprema A
44063,GKPoker,111,Suprema EU
50050,Zila Supreme,128,Suprema Union
20935,Tоp Gun,111,Suprema EU
47729,Donkeylândia 4,107,Liga Principal
698425,MAFIA JAPONESA,107,Liga Principal
37638,Home do Recreativo,171,Liga Royal
51408,OtsuKA Eh Fold,128,Suprema Union
11665,POKERVIPURUGUAY,204,Suprema Uruguai
53026,Poker Uruguay,204,Suprema Uruguai
38200,POSH BSB,214,CERRADO POKER LEAGUE
10947,POKER DOSGURI’S,107,Liga Principal
40859,blindTOblind,147,Suprema Colombia
47382,SX | Thunder Gold,128,Suprema Union
33761,SX | Poker Nice,128,Suprema Union
33611,SX | Copas Elite,128,Suprema Union
54417,SX | KJ Poker Club,205,Suprema SX-E
48614,SX | Minas,128,Suprema Union
54399,SX | SHOVE CLUB,128,Suprema Union
44534,SX | RPM POKER CLUB,128,Suprema Union
42667,SX | SR.MARIOTTI,128,Suprema Union
40562,SX | Hunter Club,128,Suprema Union
29933,SX | Prime Poker,128,Suprema Union
39861,SX | CIAPOKER,128,Suprema Union
28912,SX | R6 POKER,106,Suprema
49639,SX | CJ Poker House,128,Suprema Union
37215,Orlando Poker Club,173,Suprema SX USD
44668,SX | Luz Poker,128,Suprema Union
723105,SX | NEXT Poker 1,106,Suprema
271869,SX | Stars Poker 2,106,Suprema
909136,SX | KING Online 3,106,Suprema
48630,SX | Tribeta,128,Suprema Union
42038,SX | Mentes do Poker,128,Suprema Union
50662,SX l MLN EVENTOS,128,Suprema Union
49140,SX | NEXT 2,128,Suprema Union
34765,SX | Poker Siq,128,Suprema Union
30977,SX | QG Poker Club,128,Suprema Union
10000,SX Poker 1,106,Suprema
48529,SX | NEXUS,128,Suprema Union
51250,SX | SerrAA,128,Suprema Union
536385,SX | Stars elite,107,Liga Principal
48548,SX | GETSTAR 3,128,Suprema Union
39724,SX | CLUBE TH FICHAS,128,Suprema Union
357809,Auge / Vala9 | SX,106,Suprema
47263,SX |  AnAo do JJ,128,Suprema Union
48143,SX | Tereza Poker,128,Suprema Union
54497,SX | Beradeiros,128,Suprema Union
28824,SX | Live Poker BR,106,Suprema
50630,SX | Clube Diferente,128,Suprema Union
49186,SX | Toro Poker,128,Suprema Union
48549,SX | Agreste Poker,128,Suprema Union
56098,H2 Club 25,128,Suprema Union
54978,Mônaco Poker Club,128,Suprema Union
20899,POKER GOLD,147,Suprema Colombia
28043,CHICAGO EU,111,Suprema EU
42904,Kartveli House,111,Suprema EU
53407,SanCarlosPokerClub,204,Suprema Uruguai
769152,Poker N@ Prática,107,Liga Principal
30551,K1 PRIME,128,Suprema Union
22301,Farol Poker Club,127,Suprema Peru
57015,Torneos.Poker,204,Suprema Uruguai
39266,WIN#OR#WIN,150,Suprema Bolivia
57483,LAGUNA,147,Suprema Colombia
20443,Zonabet +Poker,127,Suprema Peru
46233,SX | Poker Canguçu,128,Suprema Union
41157,Clube dos Vaqueiros,128,Suprema Union
48758,MANSIÓN,137,Suprema A
706076,KryptoKings,147,Suprema Colombia
10648,POKERVIP CHIPPIX,128,Suprema Union
618906,Brasil Poker,107,Liga Principal
49253,Poker de Jah,171,Liga Royal
48142,SX | Eu tinha AK,128,Suprema Union
55813,CG POKER COL,147,Suprema Colombia
2797227,Arena Royal,107,Liga Principal
49184,blue unicorn,137,Suprema A
10708,CEREJEIRAS POKER,128,Suprema Union
55241,KOREAPOKER,128,Suprema Union
738072,88 Poker,107,Liga Principal
56097,H2 Club 24,128,Suprema Union
49539,The BB Poker Club,127,Suprema Peru
641951,INTERIOR POKER,106,Suprema
738679,SX | GoPro Poker,106,Suprema
747043,SX | KING Online 1,106,Suprema
578874,Bem Brasil,106,Suprema
887173,SX | XTREME 3,106,Suprema
836283,SX | Stars Poker 1,106,Suprema
3059775,Beta Poker,106,Suprema
3021269,Vamo Brasil 2,106,Suprema
664391,SX | STORM Poker 1,106,Suprema
1081603,SX | STORM Poker 2,106,Suprema
700200,PPPRN Poker,106,Suprema
669845,Sniper | Xtreme 2,106,Suprema
635515,SX | KING Online 2,106,Suprema
572324,H20 ONLINE ♤ H20,106,Suprema
656187,Poker Carioca,106,Suprema
357735,Smart Group Blue,106,Suprema
343122,Grupo Império,106,Suprema
330297,Alcides Online,106,Suprema
562562,Clube.do.Poker,106,Suprema
397397,Sierra.Poker,106,Suprema
1004267,C4 Clube 1,106,Suprema
349135,The Union 2,106,Suprema
1625712,Select Club,106,Suprema
1064722,ADRENALINA POKER,106,Suprema
304370,The Union 3,128,Suprema Union
3324966,G-G POKER,128,Suprema Union
2512171,BrotherhOOd_,128,Suprema Union
1289000,Maníacos Team,128,Suprema Union
789991,GSX,128,Suprema Union
559721,BROKA,128,Suprema Union
555555,PLO5 Poker S,128,Suprema Union
534684,Donkeylândia,128,Suprema Union
51896,SX l rOxGames,128,Suprema Union
57782,SX | AOS POKER,128,Suprema Union
57437,BPG ONLINE,128,Suprema Union
57399,SX | Wyn Club,128,Suprema Union
56378,Good Luck ��,128,Suprema Union
56096,H2 Club 23,128,Suprema Union
55841,SX | Full Tilt Club,128,Suprema Union
55187,SX | Two Brothers,128,Suprema Union
54716,H2 Club 21,128,Suprema Union
54709,SX | RecrativoPro,128,Suprema Union
52833,SX | Super Forra,128,Suprema Union
55668,Farofa Poker,128,Suprema Union
54032,SX | Flop RTZ,128,Suprema Union
54031,SX | MAVERICK,128,Suprema Union
53810,SX | Vip Poker PB,128,Suprema Union
53799,Forra Certa Clube,128,Suprema Union
53640,KICK POKER,128,Suprema Union
53445,SX | DETUDOUMPOKER,128,Suprema Union
53375,SX | Saltos Clube,128,Suprema Union
53157,SX | Nopix Poker,128,Suprema Union
31572,LA NUEVA ERA,145,Suprema Panama
52641,H2 Club 20,128,Suprema Union
52417,SX | Blumenau Poker,128,Suprema Union
51092,XBD GROUP,128,Suprema Union
50976,eXplode Online,128,Suprema Union
48672,Império LIVE,128,Suprema Union
48035,Plus Poker 2,128,Suprema Union
47805,SX | V2 Poker Club,128,Suprema Union
47653,Pegasus Poker,128,Suprema Union
47517,SX | XTREME PLATINUM,128,Suprema Union
44731,Imperial Poker Vip,128,Suprema Union
49719,Club Do Coringa,128,Suprema Union
49641,SX | Toledo Poker,128,Suprema Union
49275,SX | ArenA Coliseu,128,Suprema Union
49170,UPSWING BRASIL,128,Suprema Union
49145,TOP POKER ♤ H20,128,Suprema Union
48703,SX | Clubs,128,Suprema Union
45990,FURY  ♤  H20,128,Suprema Union
45011,TATU BOLA CLUBE,128,Suprema Union
44956,SX | XTREME 5,128,Suprema Union
44524,Templários ♤ H20,128,Suprema Union
44286,Authentic Poker | SX,128,Suprema Union
43774,Royal Agency Room 3,128,Suprema Union
43384,JDM Club,128,Suprema Union
39776,SX | SHEIIK CLUB,128,Suprema Union
42682,Taques Poker,128,Suprema Union
42510,MILANO INTERISTAA,128,Suprema Union
42300,SX | Alcindo Fichas,128,Suprema Union
40842,SX | FLOP,128,Suprema Union
40598,W2 Poker Clube 1,128,Suprema Union
35093,SX | Fechados P Club,128,Suprema Union
100100,Poker em Casa,106,Suprema
42961,SX | ARENA GOLD,128,Suprema Union
42839,GoodLuck,128,Suprema Union
42802,Nitro Poker Club,128,Suprema Union
39115,Navy online,128,Suprema Union
36681,AX ONLINE ♤ H20,128,Suprema Union
36277,CLUBE 4 YAMADA,128,Suprema Union
36274,SX | All In Clube,128,Suprema Union
36040,SX| Vip Poker Select,128,Suprema Union
34910,SX | Fênix Team,128,Suprema Union
31065,SX | Raise Poker,128,Suprema Union
33547,SX | Big Blinds Club,128,Suprema Union
33261,SX | Jambu Poker,128,Suprema Union
33260,SX | Mafia,128,Suprema Union
32445,SX | XTREME GOLD,128,Suprema Union
32443,SX | XTREME PRO,128,Suprema Union
31895,SPEW,128,Suprema Union
31539,H2 Club 11,128,Suprema Union
31163,H2 Club10,128,Suprema Union
31701,H2 Club 15,128,Suprema Union
31699,H2 Club 13,128,Suprema Union
31698,H2 Club 12,128,Suprema Union
31693,SOS FICHAS,128,Suprema Union
30037,SX | Poker Premios,128,Suprema Union
178450,Smart Group Black,106,Suprema
30974,SX | DAVI MARABÁ,128,Suprema Union
30853,H2 Club 9,128,Suprema Union
30728,SX | UNIAO POKER,128,Suprema Union
30644,SX | Broca Boa,128,Suprema Union
10342,FULL HOUSE ONLINE,128,Suprema Union
29869,SX | DANIBONUS,128,Suprema Union
29842,SX | Mumu Poker,128,Suprema Union
29613,H2 Club 8,128,Suprema Union
25946,H2 Club 19,128,Suprema Union
22415,SX | PokerCash,128,Suprema Union
22170,ProEsportes Poker,128,Suprema Union
21921,SX | Moema Poker,128,Suprema Union
17285,BigHit Sports b2x,128,Suprema Union
10524,H2 Club 4,128,Suprema Union
11275,Xperience| CPC,128,Suprema Union
27720,SX | Eagle poker,106,Suprema
26417,H2 Club Curitiba,106,Suprema
260665,SX | Stars Jacks,106,Suprema
41144,BADBEAT POKER,106,Suprema
24730,H2 Club 18,106,Suprema
170341,SX | Aquarios Flash,106,Suprema
29446,Caveira Poker Club,106,Suprema
28968,SX | K9OFF POKER,106,Suprema
27985,H2 Club 7,106,Suprema
25327,H2 Club 6,106,Suprema
20112,Brasil Poker Online,106,Suprema
19812,H2 Club 5 🥏,106,Suprema
18831,Elite VIP,106,Suprema
17867,MILLIONAIRES | SX,106,Suprema
17619,Brasil Poker b2x,106,Suprema
17554,Flecha Poker | SX,106,Suprema
10001,SX | XX POKER,106,Suprema
10630,H2 Club 16,106,Suprema
10629,H2 Club 1,106,Suprema
17427,SX | Stars GG,106,Suprema
111111,“Arena”,111,Suprema EU
77777,OASIS,111,Suprema EU
57735,Angel Wings,111,Suprema EU
55630,Poker_chain,111,Suprema EU
55185,Flipster 2/7,111,Suprema EU
55168,Maison Royale,111,Suprema EU
49911,Monkey Club 21,111,Suprema EU
39100,TOPPA,106,Suprema
36748,Fenixpkrclub,137,Suprema A
33712,MACAO 2.0,137,Suprema A
10634,H2 Club 3,106,Suprema
37453,Poker Club-River,111,Suprema EU
43683,TurboCLUB,111,Suprema EU
44311,Elk,111,Suprema EU
45839,HardKings,111,Suprema EU
37263,Friend Club Poker,111,Suprema EU
34165,Seleção,111,Suprema EU
32032,KАRNIVAL,111,Suprema EU
29625,OriBackdori,111,Suprema EU
19645,Two Aces,111,Suprema EU
48558,__MATRIX__,111,Suprema EU
27992,GulfStream | GS,111,Suprema EU
24037,Crypto Club,111,Suprema EU
21975,Copacabana,111,Suprema EU
21734,SATURN⭐COSMOS,111,Suprema EU
20177,Tickling Aces,111,Suprema EU
19742,Club House,111,Suprema EU
11543,KOLOBOK,111,Suprema EU
23340,Pokerchamp,111,Suprema EU
23681,Z-Furia,111,Suprema EU
50759,RiverShark,136,Suprema Mexico
51146,Patos MX,136,Suprema Mexico
22352,777 PÓKER PERÚ,127,Suprema Peru
23743,LE PINARI 🌍,147,Suprema Colombia
24403,METROPOLITAN CLUB,147,Suprema Colombia
25132,All Star Club ⭐️,127,Suprema Peru
25308,UTG Brasil,147,Suprema Colombia
25341,6CARDS PLO,127,Suprema Peru
25537,Colombian Fishes,127,Suprema Peru
38953,LA CHAMBA,127,Suprema Peru
42351,Gotham Póker Club,127,Suprema Peru
43172,ACE POKER,147,Suprema Colombia
46387,LEGENDS - CLUB,127,Suprema Peru
48150,VINOCO CLUB,127,Suprema Peru
48507,.RELOAD.,127,Suprema Peru
53701,INTI POKER CLUB,127,Suprema Peru
55877,TREB0L.,127,Suprema Peru
58021,BLACK ACE ♤,147,Suprema Colombia
39964,Altos VIP,148,Suprema V
41229,506POKER,148,Suprema V
1007657,HoldemClub LITE,107,Liga Principal
18013,JAMBU POKER,107,Liga Principal
790629,W2 Poker Clube 2,107,Liga Principal
567699,Vamo Brasil 1,107,Liga Principal
334443,Maníacos,107,Liga Principal
48173,ARENA BLACK,107,Liga Principal
43365,Clubes Brazil 5,107,Liga Principal
35024,CLUBE 3 YAMADA,107,Liga Principal
20130,BADBEAT TEAM,107,Liga Principal
11990,BPD REAL,107,Liga Principal
14437,Copas_Club,107,Liga Principal
1529060,POKERda Santinha,171,Liga Royal
42137,POKER P.A.,171,Liga Royal
36623,CWB STREET,171,Liga Royal
55625,Amazonia,111,Suprema EU
49760,HIGHLANDERS,150,Suprema Bolivia
25907,Global Brasil,127,Suprema Peru
1637654,PLO5 Poker,107,Liga Principal
19926,DRAMA KINGS,111,Suprema EU
44064,SX | CLUBES BRAZIL 4,128,Suprema Union
37239,Clube  Veneza,128,Suprema Union
38662,Poker fold,128,Suprema Union
52248,PDA POKER CLUBE,128,Suprema Union
20105,Bellagio Fichas,106,Suprema
42040,NACIONAL POKER,128,Suprema Union
51634,Secret room,111,Suprema EU
31138,SX | Rei de Copas,128,Suprema Union
34700,SX | SCPT ONLINE,128,Suprema Union
54339,SX | Million,128,Suprema Union
48755,SX | CLUB DO TOWER,128,Suprema Union
35194,Dicas de Poker,171,Liga Royal
32798,Sharks Sorocaba,128,Suprema Union
36428,Parceira Poker,128,Suprema Union
53986,SX-E ADM,205,Suprema SX-E
53001,Uruguai ADM,204,Suprema Uruguai
51346,India ADM,202,Suprema India
45236,Chile ADM,184,Suprema Chile
43328,Canada ADM,174,SUPREMA CANADA
43327,SX USD ADM,173,Suprema SX USD
42799,Rodeo,170,SRODEO
42039,EUA FN ADM,166,Suprema USA FN
41524,Kazakhstan ADM,164,Suprema KZ
41523,Costa Rica ADM,163,Suprema Costa Rica
32514,Bolívia ADM,150,Suprema Bolivia
32513,R Dominicana ADM,149,Suprema R Dominicana
32512,Venezuela ADM,148,Suprema V
32511,Suprema Colombia ADM,147,Suprema Colombia
31493,Panama ADM,145,Suprema Panama
23308,Argentina ADM,137,Suprema A
23307,México ADM,136,Suprema Mexico
18244,Supreme EUA ADM,135,Supreme Poker
21856,Suprema Asia,132,Suprema Asia
20106,Liga Suprema ADM 2,128,Suprema Union
20029,Suprema Peru ADM,127,Suprema Peru
12814,Suprema EU ADM,111,Suprema EU
10082,Principal ADM,107,Liga Principal
10044,Liga Suprema ADM,106,Suprema
53469,Revolution,128,Suprema Union
36152,Derby,128,Suprema Union
41892,PokerGO,128,Suprema Union
20074,The Union Poker,128,Suprema Union
19716,AKVILON,111,Suprema EU
33645,Green Games,137,Suprema A
45597,SX | PIX GAME,128,Suprema Union
108888,Jorginho Poker,213,Vulcao
547547,Disney Poker Club,213,Vulcao
54030,Alliance PT,111,Suprema EU
20436,Paradise,111,Suprema EU
27689,Poker Global,128,Suprema Union
22331,CAPITAL PÓKER CLUB,127,Suprema Peru
57906,SX Club,128,Suprema Union
53742,SX | BAH POKER CLUB,128,Suprema Union
49863,SX | Poker dos Piá,128,Suprema Union
57765,BBClub Bolivia,150,Suprema Bolivia
38110,Club Caribe,106,Suprema
407642,FCTH - Oficial,213,Vulcao
41592,CashVille,111,Suprema EU
50716,ICE LIGTH HG,180,???? HOME GAME ????
50953,7duck,180,???? HOME GAME ????
30553,AZIMYT.,111,Suprema EU
54784,H2 Club 22,128,Suprema Union
31703,H2 Club 17,128,Suprema Union
31700,H2 Club 14,128,Suprema Union
10519,H2 Club 2,106,Suprema
50779,LE FORTUNE,147,Suprema Colombia
20946,Apple Supreme,128,Suprema Union
57040,TableSelection,128,Suprema Union
34004,NPC,128,Suprema Union
34908,SX | QG Poker,128,Suprema Union
23594,ARCHIBALD,111,Suprema EU
727588,Das Estrelas,106,Suprema
57608,SX | IPC Poker Club,128,Suprema Union
52734,Broadway,111,Suprema EU
43058,All’in poker,128,Suprema Union
34831,PEA ♣️♠️♥️♦️,145,Suprema Panama
21026,Tagan_Brazilian,111,Suprema EU
55695,HG DO LUCÃO,128,Suprema Union
33149,FagundezCryptoPoker,111,Suprema EU
19640,Nice Try PH,111,Suprema EU
40086,SX | A2 POKER,128,Suprema Union
56914,OmahaGoliC20/80,111,Suprema EU
42540,SX | Maxima,128,Suprema Union
45066,AA friends,111,Suprema EU
21021,Sibir 70,111,Suprema EU
23198,God Mode,111,Suprema EU
54087,SX | NOJO POKER,128,Suprema Union
51683,Lucky Drops,111,Suprema EU
49351,SX | Poker Jannotti,128,Suprema Union
967564,TeamBack,137,Suprema A
57009,the lions,127,Suprema Peru
23382,Cash Latino,127,Suprema Peru
55801,ZOMBIE POKER,148,Suprema V
45169,Kamarim,107,Liga Principal
48037,��Carta Alta��,128,Suprema Union
33227,Super Lucky,111,Suprema EU
57732,LuckyOuts,147,Suprema Colombia
40014,Infiniti,111,Suprema EU
27685,PokerShark🦈SC🦈,150,Suprema Bolivia
42115,Club Poker Bolivia,150,Suprema Bolivia
48932,SX | FML Poker,128,Suprema Union
33548,SX | Hot Poker,128,Suprema Union
40361,SX | XTREME ELITE,128,Suprema Union
39002,SX | ALIEN,128,Suprema Union
42819,SX | FALINHA POKER,128,Suprema Union
42276,SX | BIG SHARK,128,Suprema Union
670454,SX | XTREME Plus,107,Liga Principal
44359,SX | XTREME USD,173,Suprema SX USD
825000,FF PokerClub,106,Suprema
101101,Vegas Poker Clube,128,Suprema Union
39085,SX | JOEBET Poker,128,Suprema Union
33189,SX | Deu Odds,128,Suprema Union
51140,SX | POKER OSASCO,128,Suprema Union
52886,BaralhoBR,128,Suprema Union
4570102,RochaPoker Clube,128,Suprema Union
21035,SX | HEAD Poker,128,Suprema Union
53376,SX | RoyalClubBC,128,Suprema Union
41046,SX ButecoDoGordinho,128,Suprema Union
40394,SX Clube do Lulinha,128,Suprema Union
41703,SX | Zé Mineiro,128,Suprema Union
40382,SX | Golden Sun,128,Suprema Union
39186,SX | La Mafia,128,Suprema Union
54321,SX|VSOP Home Game,128,Suprema Union
88800,XTREME ULTIMATE,106,Suprema
55048,SX | SECRET,128,Suprema Union
55015,SX | A18 POKER CLUBE,128,Suprema Union
54314,BrotherhOOd_ USD|SX,173,Suprema SX USD
10745,WPoker | SX,128,Suprema Union
51162,SX | BLEFE POINT,128,Suprema Union
30217,SX | LPC ON,128,Suprema Union
52830,SX | GV POKER CLUBE,128,Suprema Union
31284,SX | XTREME 4,128,Suprema Union
53428,SX | BP Poker,128,Suprema Union
20760,⭐️ ASGARD ⭐️,111,Suprema EU
1087286,SX | Araguaia Online,106,Suprema
47381,SX | NEXT GOLD,128,Suprema Union
47146,SX | 666 Poker Clube,128,Suprema Union
54398,SX | TexasPokerClube,128,Suprema Union
24436,agasikrasava,111,Suprema EU
49915,SX | ♠️Ace Poker♦️,128,Suprema Union
13097,Friendly♦️club,111,Suprema EU
47705,ClubPot,128,Suprema Union
46702,Diamond Club RO,128,Suprema Union
57741,DOFUS,147,Suprema Colombia
55072,Chilean Poker Series,184,Suprema Chile
21806,BROKA PRINCIPAL😍,107,Liga Principal
45014,GETSTAR 4,107,Liga Principal
54109,SX| Regional Cidades,128,Suprema Union
53973,SX | Patifaria Poker,128,Suprema Union
52251,SX | Play Poker Club,128,Suprema Union
40226,Easy Game,128,Suprema Union
31604,SX | Founders,128,Suprema Union
28970,SX | FC Fichas Clube,106,Suprema
1083800,Five Cards 1,106,Suprema
300300,Poker em Casa 3,106,Suprema
21580,SniperClube,107,Liga Principal
40997,ALL FRIENDS,111,Suprema EU
47661,BananasClub,128,Suprema Union
210021,RPC ONLINE,128,Suprema Union
47804,Seven Kings,128,Suprema Union
57328,JACKPOT BRAVA,128,Suprema Union
44998,Alucina Poker,128,Suprema Union
54682,Caveira Light,180,???? HOME GAME ????
42037,FichasNet USD,166,Suprema USA FN
41771,Peaky Blinders,111,Suprema EU
53763,FINKA,111,Suprema EU
34817,Millions Poker,128,Suprema Union
56833,777 Games,128,Suprema Union
34671,Flush Poker Club,128,Suprema Union
31684,EcuaPoker,145,Suprema Panama
51046,poker & friends,136,Suprema Mexico
47657,Beach,128,Suprema Union
33927,Cards Royale,128,Suprema Union
57093,SlavicBrothers,111,Suprema EU
40107,HIT POKER CLUB,148,Suprema V
10532,GDR Union 2,107,Liga Principal
23003,MindGamers,127,Suprema Peru
46814,RIVER CLUB,111,Suprema EU
37104,Clube  Maloca,128,Suprema Union
50867,SevenCrownGt,148,Suprema V
52711,Crucia,111,Suprema EU
30195,CLUBE 300,107,Liga Principal
20368,DUSK TILL DOWN,111,Suprema EU
45335,SX | ESTRELAS,128,Suprema Union
42976,SX | ADAMAS POKER,128,Suprema Union
20094,SX Freeroll,106,Suprema
53259,TESTE | CRFlamengo,128,Suprema Union
30725,SX | ENJOY ONLINE,128,Suprema Union
43640,SX|POKER CLUB ONLINE,128,Suprema Union
43324,SX | Route66,173,Suprema SX USD
47508,SX | STORM GOLD,128,Suprema Union
1874069,SX | KING Plus,107,Liga Principal
29664,SX | 72offs,128,Suprema Union
42301,SX | 4King$,128,Suprema Union
34276,SX | T8nuts,128,Suprema Union
46130,Sociedade Poker,128,Suprema Union
43971,Royal Poker Online,128,Suprema Union
46203,GrindUp,128,Suprema Union
37827,Forasteiros ⚔️,128,Suprema Union
33603,Universo do Poker,128,Suprema Union
43773,Royal Agency Room,166,Suprema USA FN
55220,PokerLeste,128,Suprema Union
37238,Clube Delta,106,Suprema
47660,Royalflush,128,Suprema Union
21783,MoneySharkSM,111,Suprema EU
53894,SX | As de France,173,Suprema SX USD
48762,SX | STORM FOUR,173,Suprema SX USD
22018,SX | UPBET,128,Suprema Union
39623,Poker Carneiros,213,Vulcao
53972,SX | FullBR,128,Suprema Union
54013,SX | ATASOP,128,Suprema Union
50822,SX l Marte,128,Suprema Union
19018,ELPROFE SOLES 🇵🇪,127,Suprema Peru
47658,Mediterrâneo,128,Suprema Union
20110,OURO POKER CLUB,128,Suprema Union
12281,Ganso Dourado 1,132,Suprema Asia
40846,Bahamas Poker,128,Suprema Union
32442,SX Poker 2,128,Suprema Union
52638,SX | Carvas,128,Suprema Union
26880,SX | PLAYGROUND,106,Suprema
52618,SX | Poker do Biro,128,Suprema Union
50183,SX | TUGAX,128,Suprema Union
46152,SX | Onset Poker,128,Suprema Union
53975,SX | Jaguar Poker,128,Suprema Union
19641,Blue Lemon,111,Suprema EU
47654,MonsterClub,128,Suprema Union
47659,Atlântico,128,Suprema Union
57049,SX | Only Pro Poker,128,Suprema Union
40588,SX | Green Poker,128,Suprema Union
2365356,Big Hit,107,Liga Principal
39619,SX | START PKR CLUB,128,Suprema Union
888777,Re-Stars,165,Re-Stars
45263,SX | BETMAX POKER,128,Suprema Union
32671,Mattar Club 2,106,Suprema
47655,EstrelaNegra,128,Suprema Union
25503,Club №6,111,Suprema EU
48120,ShowDown Poker ♠️,127,Suprema Peru
935693,CHICKEN VIPS,128,Suprema Union
49352,SX | Check Reza,128,Suprema Union
55770,DarkShadows,111,Suprema EU
39217,Duck Stars,106,Suprema
34290,Straight Poker,128,Suprema Union
54100,Pentacle,111,Suprema EU
55839,Golosa,111,Suprema EU
45731,LUCKY DRAW,111,Suprema EU
39176,SX | Sport Poker On,128,Suprema Union
42118,SX | Borja Poker,128,Suprema Union
53159,SX | AMETISTA POKER,128,Suprema Union
55642,Armenia Easy,111,Suprema EU
51864,Caipiroska  Poker,128,Suprema Union
48621,Cardinal,111,Suprema EU
56476,schrag,111,Suprema EU
49988,BG polo,128,Suprema Union
34672,Poker TurnRiver,128,Suprema Union
50685,Sevens Poker House,128,Suprema Union
49023,SUN’s Poker Club,128,Suprema Union
35048,SX | Hand for Hand,128,Suprema Union
12682,Ginger,111,Suprema EU
12007,Norteños PokerMX,136,Suprema Mexico
37882,Club Top Gun,106,Suprema
42631,Liga Promoções,128,Suprema Union
47082,SafePoker Superb,111,Suprema EU
42980,The Irish Poker,128,Suprema Union
29684,PokerMachine,111,Suprema EU
43140,Khujand,111,Suprema EU
39932,Buff,111,Suprema EU
48140,SX | RedBull Poker,128,Suprema Union
39970,SX | RAFAPOKER,128,Suprema Union
29103,RC Flash Pay,111,Suprema EU
1700532,UPC world,106,Suprema
36823,P2W Poker Club,128,Suprema Union
53699,Anonymus,204,Suprema Uruguai
43065,SX | NIX,128,Suprema Union
1371999,ChocoClub,135,Supreme Poker
36643,BUEN POKER �� 2,136,Suprema Mexico
53044,+BPT,128,Suprema Union
700700,♠️♥️ANY 2♦️♣️,180,???? HOME GAME ????
48668,SX | Grindy Poker,128,Suprema Union
52093,Bull House,136,Suprema Mexico
51288,MAGIC BOX - INDIA,202,Suprema India
43786,Amanitta Poker Clube,128,Suprema Union
43299,Poker.Boss,111,Suprema EU
50990,Coco Bongo Poker,128,Suprema Union
42862,Proxima,147,Suprema Colombia
52853,Kratos club,111,Suprema EU
39827,Poker Pensado,128,Suprema Union
52843,MonteCarloRoom,111,Suprema EU
44322,PokerHouse,128,Suprema Union
30980,SX | Royal Sorocaba,128,Suprema Union
52205,Sereia,111,Suprema EU
50470,SupFreeroll ADM,197,Suprema Freeroll
50488,SUP | FREEROLL 8,197,Suprema Freeroll
50487,SUP | FREEROLL 7,197,Suprema Freeroll
50486,SUP | FREEROLL 6,197,Suprema Freeroll
50485,SUP | FREEROLL 5,197,Suprema Freeroll
50483,SUP | FREEROLL 4,197,Suprema Freeroll
50482,SUP | FREEROLL 3,197,Suprema Freeroll
50481,SUP | FREEROLL 2,197,Suprema Freeroll
50480,SUP | FREEROLL,197,Suprema Freeroll
50952,ADRENALINE INTL.,199,Suprema ADR USD
50701,Admin URS,136,Suprema Mexico
51457,SX | ABST Poker,128,Suprema Union
49859,Rise Up,111,Suprema EU
49085,VPoker,132,Suprema Asia
20671,FAVOURITE,111,Suprema EU
48701,Lit Poker,128,Suprema Union
49653,BUNKЕR,111,Suprema EU
50920,Adrenalina USD ADM,199,Suprema ADR USD
17618,ALPHA,111,Suprema EU
19884,LATAM,111,Suprema EU
50705,Big Money ��,111,Suprema EU
33187,Jobet Poker Club 🃏,111,Suprema EU
43604,MOONSTAR CLUB,111,Suprema EU
19719,SALOON SP,111,Suprema EU
31801,Aces Cracked,111,Suprema EU
49739,RateSupra,111,Suprema EU
20095,Pd Poker II,106,Suprema
49182,bluff master,132,Suprema Asia
1619944,BANKROLL POKER 1,107,Liga Principal
40968,BRO.POKER,111,Suprema EU
43775,POKER SKILL,111,Suprema EU
32940,onlyfolds.cc,111,Suprema EU
21851,Lets Poker | H2,106,Suprema
31094,DSG Miami Ballers,135,Supreme Poker
44177,NORTH ACE,128,Suprema Union
41902,Jokers Betclub,128,Suprema Union
34120,VIP ACES RUS,111,Suprema EU
48775,5BET,137,Suprema A
45362,Octopus,111,Suprema EU
42299,MAAK,132,Suprema Asia
43663,One Poker,132,Suprema Asia
45137,Dragon Poker,111,Suprema EU
36412,ludoland,111,Suprema EU
39718,INCEPTION,111,Suprema EU
43861,SUITS POKER 3,128,Suprema Union
444444,Pasa__Net,111,Suprema EU
44173,Smart Gold,128,Suprema Union
44334,PОKERPRIME,111,Suprema EU
45732,KairosClubCommunity,111,Suprema EU
43287,Liga Master SB,128,Suprema Union
46025,UTG PKR,128,Suprema Union
44223,TRAIN,111,Suprema EU
34764,Bel Air VIP,135,Supreme Poker
25598,MGM GRAND™,111,Suprema EU
31095,Bumblebee,135,Supreme Poker
41329,FORRA CASH,106,Suprema
44619,С Б Е Р,111,Suprema EU
606751,Smart Group Red,128,Suprema Union
42060,Party Hat,132,Suprema Asia
44138,Two Milhao,111,Suprema EU
44007,Kings Poker AUS,111,Suprema EU
43899,PRESTIGE,111,Suprema EU
43649,PandaBR.,111,Suprema EU
43355,VIP Entertainment,163,Suprema Costa Rica
43047,LEGION,111,Suprema EU
12560,CherryHills,135,Supreme Poker
19643,FiESTA,111,Suprema EU
34751,Norak City,111,Suprema EU
39057,LIBERTY,111,Suprema EU
26619,Region,111,Suprema EU
35245,OazisKZ,111,Suprema EU
40685,ClubLaRoca007,111,Suprema EU
38916,Labx Poker,135,Supreme Poker
32980,Poker Vzla AG,148,Suprema V
34473,FORBET.POKER,111,Suprema EU
34674,M5Perfomance,111,Suprema EU
19662,KingCrazy Brazil,111,Suprema EU
31439,Brazil KGN,111,Suprema EU
36630,Poker Legends,111,Suprema EU
34008,РЫБХОЗ,111,Suprema EU
19733,BrotherS,111,Suprema EU
25091,STRONG PLAY,111,Suprema EU
24921,Loose Cannon,111,Suprema EU
20660,WAGMI POKER,111,Suprema EU
34001,Замазка,111,Suprema EU
30438,Test Club One,132,Suprema Asia
23182,FRT,111,Suprema EU
19642,Z-Avalanche,111,Suprema EU
23716,OpenEnded,111,Suprema EU
12472,la vida e,111,Suprema EU
25389,paraVoz PS,111,Suprema EU
32034,County Fair,111,Suprema EU
30751,EpicSpace,111,Suprema EU
29746,Neymar Friends,111,Suprema EU
28950,king_poker19,111,Suprema EU
28931,Korean Las-Vegas,111,Suprema EU
27114,Bakss,111,Suprema EU
26015,Туз на Rivere,111,Suprema EU
19650,LUCKY RICH,111,Suprema EU
24439,RIBLSTRIP,111,Suprema EU
24029,ENCE,111,Suprema EU
21479,3-Bet Club,111,Suprema EU
21475,Golden_river,111,Suprema EU
20612,Bacana 1.0,111,Suprema EU
